parameter,value,error
D0,1.2271524708574379e-05,5.424711879923646e-05
Q_kJmol,80.54302766245287,29.490400131905865
Q_eV,0.8347725310924277,0.30564751134275653
