T,D,D_err,r2,valid
800,-1.4817918313570428e-13,1.715388742070687e-13,0.017057251352578615,False
